Sample.ID,Family,sum biomass_not_corrected (g),sum_abundance,LAT,LON,year,month,quarter
A2012/05278,Gadidae,1112.449833,14,58.6366,11.2418,2011,12,4
A2012/05278,Gobiidae,6.88777649,1,58.6366,11.2418,2011,12,4
A2012/05278,Pleuronectidae,2.739721981,1,58.6366,11.2418,2011,12,4
A2012/05294,Gadidae,75.41355635,2,58.2725,11.3373,2011,12,4
A2012/05334,Gadidae,458.5773597,13,58.296,11.3396,2011,12,4
A2012/05334,Gobiidae,54.73904673,1,58.296,11.3396,2011,12,4
A2012/05334,Pleuronectidae,58.913921,2,58.296,11.3396,2011,12,4
A2012/05335,Clupeidae,5.169958916,1,58.296,11.3396,2011,12,4
A2012/05335,Gadidae,3756.437805,28,58.296,11.3396,2011,12,4
A2012/05335,Gobiidae,1064.575593,22,58.296,11.3396,2011,12,4
A2012/05347,Clupeidae,89.17610283,4,58.6333,11.2333,2012,12,4
A2012/05347,Gadidae,367.7544622,14,58.6333,11.2333,2012,12,4
A2012/05347,Gobiidae,1979.657482,270,58.6333,11.2333,2012,12,4
A2012/05350,Clupeidae,20.02934244,1,58.6667,11.1667,2011,12,4
A2012/05350,Gadidae,41.12510486,1,58.6667,11.1667,2011,12,4
A2012/05367,Clupeidae,72.19503956,1,57.5667,11.8833,2011,10,4
A2012/05367,Gadidae,1644.660381,159,57.5667,11.8833,2011,10,4
A2012/05368,Clupeidae,76.04922391,9,57.2667,12.05,2011,11,4
A2012/05368,Gadidae,440.8321517,31,57.2667,12.05,2011,11,4
A2012/05775,Clupeidae,164.0360114,3,58.2037,11.5015,2012,3,1
A2012/05775,Gadidae,41.49429191,1,58.2037,11.5015,2012,3,1
A2012/05775,Gobiidae,17.22584572,1,58.2037,11.5015,2012,3,1
A2013/05252,Gadidae,2410.525881,90,58.3667,11.1883,2013,5,2
A2013/05254,Clupeidae,52.57385233,1,58.77334,11.167586,2020,9,3
A2013/05254,Gadidae,92.23016484,4,58.77334,11.167586,2020,9,3
A2013/05256,Gadidae,2001.472307,191,58.3833,11.2,2012,8,3
A2013/05256,Gobiidae,1.558976021,3,58.3833,11.2,2012,8,3
A2013/05257,Gadidae,68.74776135,4,58.6333,11.2,2013,5,2
A2013/05258,Gadidae,3483.304737,225,58.77334,11.167586,2012,10,4
A2013/05270,Gadidae,55.90384236,13,58.35,11.1667,2013,9,3
A2013/05270,Pleuronectidae,19.16453825,2,58.35,11.1667,2013,9,3
A2013/05494,Gadidae,853.5040524,81,58.641167,11.175383,2013,9,3
A2013/05495,Gadidae,2.956874801,1,58.6418,11.13,2013,9,3
A2013/05496,Anguillidae,47.54932387,3,58.63623333,11.21188333,2013,9,3
A2013/05496,Gadidae,4219.238709,64,58.63623333,11.21188333,2013,9,3
A2013/05496,Gobiidae,5.353402293,4,58.63623333,11.21188333,2013,9,3
A2013/05496,Pleuronectidae,7.720753087,1,58.63623333,11.21188333,2013,9,3
A2013/05497,Clupeidae,517.5108169,12,58.9833,11.1333,2013,9,3
A2013/05497,Gadidae,11.68729386,8,58.9833,11.1333,2013,9,3
A2013/05498,Gadidae,1365.654046,29,58.6628,11.1765,2013,9,3
A2013/05498,Gobiidae,0.035027915,3,58.6628,11.1765,2013,9,3
A2013/05499,Clupeidae,223.7294681,3,58.367,11.1974,2013,9,3
A2013/05501,Clupeidae,649.7296732,6,58.3238,11.2288,2013,9,3
A2013/05502,Gadidae,236.3079701,25,58.6613,11.1808,2013,9,3
A2013/05502,Pleuronectidae,16.52851088,1,58.6613,11.1808,2013,9,3
A2013/05503,Gadidae,597.0547988,31,58.6333,11.1833,2013,9,3
A2014/05111,Gadidae,482.4303098,12,58.7665,11.168035,2013,11,4
A2014/05111,Gobiidae,3.048856511,1,58.7665,11.168035,2013,11,4
A2014/05113,Gadidae,93.85978894,8,58.628183,11.238317,2013,11,4
A2014/05114,Clupeidae,139.8167342,7,58.628183,11.238317,2013,11,4
A2014/05114,Gadidae,695.9369508,34,58.628183,11.238317,2013,11,4
A2014/05114,Gobiidae,5.880894269,8,58.628183,11.238317,2013,11,4
A2014/05117,Bothidae,43.98833043,5,57.282,12.0191,2013,11,4
A2014/05117,Clupeidae,45.2659746,1,57.282,12.0191,2013,11,4
A2014/05117,Gadidae,480.555785,20,57.282,12.0191,2013,11,4
A2014/05117,Scophthalmidae,118.3801278,1,57.282,12.0191,2013,11,4
A2014/05123,Gadidae,909.3031554,40,58.628183,11.238317,2013,11,4
A2014/05130,Clupeidae,92.39070604,5,57.8892,11.5562,2013,11,4
A2014/05130,Gadidae,369.6035043,8,57.8892,11.5562,2013,11,4
A2014/05131,Clupeidae,375.8567483,7,57.8892,11.5562,2013,9,3
A2014/05134,Gadidae,85.54259304,2,58.5826,11.2088,2013,12,4
A2014/05135,Gadidae,102.2233927,4,58.610205,11.178762,2013,12,4
A2014/05136,Clupeidae,3.785699671,1,58.610205,11.178762,2013,12,4
A2014/05136,Gadidae,15.33053675,1,58.610205,11.178762,2013,12,4
A2014/05137,Clupeidae,3.713796372,1,58.5826,11.2088,2013,12,4
A2014/05137,Gadidae,28.1773836,2,58.5826,11.2088,2013,12,4
A2014/05137,Gobiidae,0.047696925,1,58.5826,11.2088,2013,12,4
A2014/05142,Clupeidae,79.7507933,3,57.8536,11.5921,2014,4,2
A2014/05142,Gadidae,16.20606295,1,57.8536,11.5921,2014,4,2
A2014/05244,Gadidae,5.463330988,1,58.3677,11.183,2014,4,2
A2014/05245,Belonidae,665.9011885,1,58.3677,11.183,2014,4,2
A2014/05245,Gobiidae,0.191720519,1,58.3677,11.183,2014,4,2
A2014/05246,Gadidae,18.56600506,1,58.7618,11.1283,2014,4,2
A2014/05246,Labridae,488.5321184,45,58.7618,11.1283,2014,4,2
A2014/05249,Clupeidae,5.942413398,1,57.8851,11.5643,2014,4,2
A2014/05249,Gadidae,38.80676444,1,57.8851,11.5643,2014,4,2
A2014/05251,Clupeidae,145.3509737,4,57.8556,11.5882,2014,4,2
A2014/05251,Gadidae,19.04628285,2,57.8556,11.5882,2014,4,2
A2014/05253,Gadidae,19.62581393,3,58.9057,11.1109,2014,4,2
A2014/05253,Gobiidae,17.94242284,1,58.9057,11.1109,2014,4,2
A2014/05318,Clupeidae,129.3859602,5,58.9057,11.1109,2014,4,2
A2014/05318,Gadidae,182.0994134,10,58.9057,11.1109,2014,4,2
A2014/05322,Clupeidae,82.23579004,1,58.6181,11.2192,2013,12,4
A2014/05322,Gadidae,848.9044599,37,58.6181,11.2192,2013,12,4
A2014/05322,Gobiidae,21.68081596,52,58.6181,11.2192,2013,12,4
A2014/05323,Gadidae,185.2339719,5,58.2903,11.3452,2014,5,2
A2014/05323,Gobiidae,0.061751687,1,58.2903,11.3452,2014,5,2
A2014/05324,Clupeidae,897.5381785,19,58.6084,11.2475,2013,12,4
A2014/05325,Belonidae,174.6808246,1,58.2791,11.3899,2014,5,2
A2014/05325,Gadidae,54.69695453,1,58.2791,11.3899,2014,5,2
A2014/05326,Clupeidae,40.42439128,5,58.2853,11.3352,2014,5,2
A2014/05326,Gadidae,61.7511474,3,58.2853,11.3352,2014,5,2
A2014/05326,Gobiidae,1.175517194,21,58.2853,11.3352,2014,5,2
A2014/05328,Clupeidae,330.1771332,6,57.508078,11.730652,2012,10,4
A2014/05329,Clupeidae,405.502835,5,57.511237,11.731138,2013,9,3
A2014/05329,Gadidae,36.20796863,2,57.511237,11.731138,2013,9,3
A2014/05330,Clupeidae,337.9538756,12,57.511237,11.731138,2013,9,3
A2014/05330,Gadidae,71.31446557,2,57.511237,11.731138,2013,9,3
A2014/05335,Gadidae,263.8210371,10,58.547,11.1871,2014,5,2
A2014/05336,Gadidae,65.82947804,3,58.547,11.1871,2014,5,2
A2014/05337,Gadidae,2723.471178,35,58.584,11.1716,2014,4,2
A2014/05337,Gobiidae,36.08650783,5,58.584,11.1716,2014,4,2
A2014/05407,Clupeidae,17.89786772,2,58.5875,11.1697,2014,4,2
A2014/05407,Gadidae,670.7135474,4,58.5875,11.1697,2014,4,2
A2014/05407,Gobiidae,0.017250252,1,58.5875,11.1697,2014,4,2
A2014/05409,Gadidae,345.2556291,2,58.5415,11.1856,2014,5,2
A2014/05457,Clupeidae,101.2799928,5,58.9065,11.1029,2014,4,2
A2014/05457,Gadidae,399.6761211,9,58.9065,11.1029,2014,4,2
A2014/05459,Clupeidae,154.6515276,12,58.6763,11.1607,2014,4,2
A2014/05459,Gadidae,284.2170719,13,58.6763,11.1607,2014,4,2
A2014/05459,Pleuronectidae,4.755503026,1,58.6763,11.1607,2014,4,2
A2014/05463,Clupeidae,119.7343081,2,57.8833,11.55,2014,8,3
A2014/05465,Clupeidae,252.6312566,4,57.8835,11.5582,2014,8,3
A2014/05528,Clupeidae,162.660537,15,57.8743,11.5535,2014,4,2
A2014/05528,Gadidae,94.12709702,3,57.8743,11.5535,2014,4,2
A2014/05533,Clupeidae,82.23592802,3,57.8875,11.5743,2014,8,3
A2014/05539,Gadidae,771.8024396,22,58.59,11.1739,2014,4,2
A2014/05539,Gobiidae,0.009542701,2,58.59,11.1739,2014,4,2
A2014/05541,Clupeidae,1158.633183,17,57.8867,11.5583,2014,8,3
A2014/05542,Gadidae,456.1718166,24,58.5875,11.232,2014,4,2
A2014/05542,Gobiidae,0.071742336,1,58.5875,11.232,2014,4,2
A2014/05544,Gadidae,1137.226772,15,58.5472,11.1907,2014,4,2
A2014/05548,Clupeidae,123.7894448,7,58.5417,11.1878,2014,4,2
A2014/05548,Gadidae,27.44694322,2,58.5417,11.1878,2014,4,2
A2014/05599,Gadidae,28.25674905,2,57.8833,11.55,2014,9,3
A2014/05599,Gobiidae,0.021903808,2,57.8833,11.55,2014,9,3
A2014/05602,Gadidae,347.0026445,14,58.5543,11.1881,2014,4,2
A2014/05602,Gobiidae,0.678429674,10,58.5543,11.1881,2014,4,2
A2014/05603,Gadidae,645.4384044,23,58.5543,11.1881,2014,4,2
A2014/05605,Clupeidae,28.28704024,3,58.584,11.1717,2014,4,2
A2014/05605,Gadidae,263.6412074,14,58.584,11.1717,2014,4,2
A2014/05605,Gobiidae,31.74109088,1,58.584,11.1717,2014,4,2
A2014/05607,Clupeidae,245.249802,16,58.584,11.1717,2014,4,2
A2014/05627,Anguillidae,356.046834,6,58.5472,11.1907,2014,4,2
A2014/05627,Clupeidae,6.958638965,1,58.5472,11.1907,2014,4,2
A2014/05627,Gadidae,963.8297603,27,58.5472,11.1907,2014,4,2
A2014/05629,Clupeidae,47.322682,16,58.5472,11.1907,2014,4,2
A2014/05630,Gadidae,328.5715248,25,58.3355,11.2703,2013,11,4
A2014/05631,Gadidae,424.1978639,31,58.3355,11.2703,2013,11,4
A2014/05635,Clupeidae,151.253937,2,57.567323,11.892335,2013,9,3
A2014/05727,Clupeidae,38.76422635,2,58.3,11.3333,2014,4,2
A2014/05727,Gadidae,2517.512172,40,58.3,11.3333,2014,4,2
A2014/05727,Pleuronectidae,217.1540666,5,58.3,11.3333,2014,4,2
A2014/05728,Clupeidae,2.419499055,1,58.8237,11.0703,2014,10,4
A2014/05728,Gadidae,42.70021798,3,58.8237,11.0703,2014,10,4
A2014/05728,Gobiidae,43.64058717,3,58.8237,11.0703,2014,10,4
A2014/05730,Gadidae,382.3402043,3,58.2697,11.3375,2014,11,4
A2014/05737,Gadidae,2763.060836,19,58.8237,11.0703,2014,11,4
A2015/05068,Clupeidae,134.5677111,4,58.6335,11.2271,2014,11,4
A2015/05068,Gadidae,7.397168636,1,58.6335,11.2271,2014,11,4
A2015/05094,Clupeidae,6.815532045,1,58.2697,11.3375,2014,11,4
A2015/05094,Gadidae,15.57526943,1,58.2697,11.3375,2014,11,4
A2015/05098,Clupeidae,145.5308053,9,58.6236,11.2417,2014,11,4
A2015/05098,Gadidae,313.9510297,18,58.6236,11.2417,2014,11,4
A2015/05098,Gobiidae,0.225467483,1,58.6236,11.2417,2014,11,4
A2015/05251,Clupeidae,2932.783564,39,58.271333,11.7805,2014,4,2
A2015/05251,Gadidae,3.45347455,1,58.271333,11.7805,2014,4,2
A2015/05252,Clupeidae,25.60508435,1,58.905833,11.116667,2014,11,4
A2015/05252,Gadidae,7158.685208,250,58.905833,11.116667,2014,11,4
A2015/05252,Gobiidae,25.11229215,37,58.905833,11.116667,2014,11,4
A2015/05252,Pleuronectidae,5.010364972,5,58.905833,11.116667,2014,11,4
A2015/05253,Clupeidae,166.0617271,11,58.9025,11.091667,2014,10,4
A2015/05253,Gadidae,1016.882676,48,58.9025,11.091667,2014,10,4
A2015/05253,Gobiidae,3.242779277,2,58.9025,11.091667,2014,10,4
A2015/05253,Osmeridae,1.230295432,1,58.9025,11.091667,2014,10,4
A2016/05484,Anguillidae,1548.268906,8,58.822807,11.061687,2014,9,3
A2016/05484,Gadidae,1057.554934,4,58.822807,11.061687,2014,9,3
A2016/05484,Gobiidae,19.5248583,2,58.822807,11.061687,2014,9,3
A2016/05484,Pleuronectidae,247.3066566,3,58.822807,11.061687,2014,9,3
A2016/05485,Gadidae,692.1727771,42,58.533333,11.183333,2016,10,4
A2016/05487,Gadidae,1008.881571,61,58.533333,11.183333,2016,10,4
A2016/05657,Gadidae,1280.093441,73,58.64665,11.211011,2016,10,4
A2016/05658,Belonidae,1455.333502,18,58.662833,11.211167,2016,10,4
A2016/05658,Gadidae,40.48305239,3,58.662833,11.211167,2016,10,4
A2016/05659,Belonidae,1013.548377,13,58.662833,11.211167,2016,10,4
A2016/05659,Gadidae,42.17551094,2,58.662833,11.211167,2016,10,4
A2016/05660,Gadidae,214.7820186,17,58.542327,11.185284,2016,10,4
A2016/05661,Gadidae,184.4630914,6,58.662983,11.21115,2016,10,4
A2016/05661,Gobiidae,63.64033964,2,58.662983,11.21115,2016,10,4
A2016/05661,Pleuronectidae,2399.405245,113,58.662983,11.21115,2016,10,4
A2016/05662,Gadidae,814.7899043,54,58.540167,11.1895,2016,10,4
A2019/05049,Belonidae,181.2557273,3,58.467167,11.242333,2018,10,4
A2019/05049,Clupeidae,137.3043303,1,58.467167,11.242333,2018,10,4
A2019/05049,Gadidae,296.9749018,5,58.467167,11.242333,2018,10,4
A2019/05051,Clupeidae,95.85759646,1,58.467167,11.242333,2018,10,4
A2019/05495,Clupeidae,671.5107024,6,57.737826,11.583871,2019,10,4
A2020/05012,Clupeidae,194.6042385,20,58.9333,11.1167,2020,1,1
A2020/05012,Gadidae,2815.146848,120,58.9333,11.1167,2020,1,1
A2020/05012,Gobiidae,20.69427273,12,58.9333,11.1167,2020,1,1
A2020/05012,Pleuronectidae,7.978310964,1,58.9333,11.1167,2020,1,1
A2020/05015,Gadidae,2873.271817,148,58.775009,11.169233,2019,10,4
A2020/05015,Gobiidae,1.032854486,3,58.775009,11.169233,2019,10,4
A2020/05069,Clupeidae,20.25690813,1,58.49,11.04,2019,10,4
A2020/05069,Gadidae,1660.043457,63,58.49,11.04,2019,10,4
A2020/05466,Clupeidae,389.6171554,10,58.3413,11.1337,2016,1,1
A2020/05466,Gadidae,23.97238562,1,58.3413,11.1337,2016,1,1
A2020/05467,Clupeidae,145.2606663,2,58.661618,11.211891,2016,1,1
A2020/05467,Gadidae,68.36546197,1,58.661618,11.211891,2016,1,1
A2020/05468,Clupeidae,8.666075439,1,58.661596,11.211977,2016,1,1
A2020/05468,Gadidae,192.0468376,9,58.661596,11.211977,2016,1,1
A2020/05468,Gobiidae,1265.555423,196,58.661596,11.211977,2016,1,1
A2020/05469,Clupeidae,347.4781513,7,58.61259,11.19499,2016,1,1
A2020/05469,Gadidae,297.5247078,9,58.61259,11.19499,2016,1,1
A2020/05470,Clupeidae,57.88518887,3,58.569167,11.2155,2016,1,1
A2020/05470,Gadidae,199.1804404,6,58.569167,11.2155,2016,1,1
A2020/05473,Clupeidae,81.2386867,3,58.349,11.22558,2016,1,1
A2020/05475,Clupeidae,672.2836909,13,58.3413,11.1337,2016,1,1
A2020/05477,Clupeidae,217.3673146,5,58.661706,11.211601,2016,1,1
A2020/05495,Clupeidae,579.6985304,20,58.349,11.12558,2016,1,1
A2020/05496,Clupeidae,464.2612628,16,58.33502,11.10578,2016,1,1
A2020/05496,Gadidae,69.42594283,2,58.33502,11.10578,2016,1,1
A2020/05497,Clupeidae,681.1538424,18,58.33499,11.13213,2016,1,1
A2020/05497,Gadidae,81.55392218,1,58.33499,11.13213,2016,1,1
A2020/05498,Clupeidae,746.2547591,30,58.33499,11.13213,2016,1,1
A2020/05498,Gadidae,167.627294,9,58.33499,11.13213,2016,1,1
A2020/05499,Clupeidae,296.7267467,8,58.336,11.13194,2016,1,1
A2020/05500,Clupeidae,892.0632855,28,57.880935,11.574526,2015,12,4
A2020/05513,Clupeidae,52.94442838,4,57.881619,11.574483,2015,11,4
A2020/05514,Clupeidae,357.9940856,9,57.881277,11.575084,2015,12,4
A2020/05515,Clupeidae,17.62051502,2,57.881277,11.575084,2015,12,4
A2020/05516,Clupeidae,136.5425383,8,58.33502,11.10578,2016,1,1
A2020/05516,Gadidae,14.97374406,2,58.33502,11.10578,2016,1,1
A2020/05517,Clupeidae,45.82211008,2,58.33499,11.13213,2016,1,1
A2020/05517,Gadidae,20.41770331,1,58.33499,11.13213,2016,1,1
A2020/05518,Clupeidae,35.82372855,2,58.33502,11.10578,2016,1,1
A2020/05535,Clupeidae,156.6496702,4,58.54595,11.18962,2016,1,1
A2020/05535,Gadidae,39.99168584,1,58.54595,11.18962,2016,1,1
A2020/05537,Clupeidae,445.2632628,12,58.17,11.2,2016,1,1
A2020/05538,Gadidae,182.0973397,2,58.41,11.13,2015,10,4
A2020/05538,Labridae,390.809056,6,58.41,11.13,2015,10,4
A2020/05538,Pleuronectidae,10.54043866,1,58.41,11.13,2015,10,4
A2020/05539,Clupeidae,8.357721794,1,57.844658,11.586685,2015,10,4
A2020/05539,Gadidae,199.9210125,17,57.844658,11.586685,2015,10,4
A2020/05539,Gobiidae,0.574797739,2,57.844658,11.586685,2015,10,4
A2020/05540,Clupeidae,324.8682771,4,58.41,11.13,2015,10,4
A2020/05540,Gadidae,354.1253871,11,58.41,11.13,2015,10,4
A2020/05542,Clupeidae,137.1962901,5,57.995227,11.519852,2015,12,4
A2020/05543,Clupeidae,158.7514083,3,57.995227,11.519852,2015,11,4
A2020/05543,Gadidae,535.4438972,4,57.995227,11.519852,2015,11,4
A2020/05543,Gobiidae,23.24440254,3,57.995227,11.519852,2015,11,4
A2020/05544,Gadidae,1735.342997,52,58.41,11.13,2015,10,4
A2020/05544,Gobiidae,1.361037867,1,58.41,11.13,2015,10,4
A2020/05546,Belonidae,25.50060712,1,58.17,11.2,2016,1,1
A2020/05546,Clupeidae,203.6741911,20,58.17,11.2,2016,1,1
A2020/05549,Clupeidae,23.33505321,1,58.41,11.13,2015,10,4
A2020/05549,Gadidae,24.96636859,1,58.41,11.13,2015,10,4
A2020/05550,Clupeidae,863.9390276,30,58.566667,11.222056,2016,1,1
A2020/05551,Clupeidae,1893.743411,41,58.33532,11.1319,2016,1,1
A2020/05552,Clupeidae,30.11724472,2,58.66169,11.21117,2016,1,1
A2020/05552,Gadidae,1628.126632,49,58.66169,11.21117,2016,1,1
A2020/05553,Clupeidae,18.95068974,1,58.3878,11.12338,2015,9,3
A2020/05553,Gadidae,717.6987192,32,58.3878,11.12338,2015,9,3
A2020/05553,Gobiidae,10.08305443,2,58.3878,11.12338,2015,9,3
A2020/05553,Pleuronectidae,78.44252637,3,58.3878,11.12338,2015,9,3
A2020/05563,Gadidae,125.9247062,8,58.17,11.2,2016,1,1
A2020/05566,Clupeidae,98.24183167,3,57.98724,11.442205,2015,12,4
A2020/05567,Clupeidae,1190.048575,33,58.564778,11.221944,2016,1,1
A2020/05569,Clupeidae,147.6416377,6,57.998326,11.766236,2015,12,4
A2020/05570,Clupeidae,130.0266533,4,58.61259,11.19499,2016,1,1
A2020/05570,Gadidae,220.6395165,18,58.61259,11.19499,2016,1,1
A2020/05570,Gasterosteidae,0.244,1,58.61259,11.19499,2016,1,1
A2020/05571,Clupeidae,346.8897319,8,58.00573333,11.49255,2015,11,4
A2020/05573,Clupeidae,71.13082901,2,58.61259,11.19499,2016,1,1
A2020/05573,Gadidae,48.85823437,1,58.61259,11.19499,2016,1,1
A2020/05574,Gadidae,1094.650247,128,58.6355,11.209389,2015,9,3
A2020/05574,Gobiidae,3.21135739,2,58.6355,11.209389,2015,9,3
A2020/05575,Anguillidae,55.32980396,1,58.04188,11.47804,2015,11,4
A2020/05575,Clupeidae,230.2123713,3,58.04188,11.47804,2015,11,4
A2020/05575,Gadidae,1599.960867,12,58.04188,11.47804,2015,11,4
A2020/05575,Gobiidae,17.72141628,6,58.04188,11.47804,2015,11,4
A2020/05575,Pleuronectidae,291.2764065,5,58.04188,11.47804,2015,11,4
A2020/05575,Soleidae,158.5789135,1,58.04188,11.47804,2015,11,4
A2020/05576,Clupeidae,14.96958672,1,58.545944,11.189611,2016,1,1
A2020/05576,Gadidae,723.6390073,34,58.545944,11.189611,2016,1,1
A2020/05576,Gobiidae,1.253909578,1,58.545944,11.189611,2016,1,1
A2020/05577,Clupeidae,36.03959965,1,58.564778,11.221944,2016,1,1
A2020/05577,Gadidae,100.3003691,3,58.564778,11.221944,2016,1,1
A2020/05579,Clupeidae,252.5828535,6,58.5971,11.20003,2016,1,1
A2020/05579,Gadidae,118.8722671,4,58.5971,11.20003,2016,1,1
A2020/05579,Gobiidae,1.423263536,1,58.5971,11.20003,2016,1,1
A2020/05579,Pleuronectidae,169.3902531,4,58.5971,11.20003,2016,1,1
A2020/05580,Clupeidae,257.3050744,5,57.98724,11.442205,2015,12,4
A2020/05580,Gadidae,12.53760948,1,57.98724,11.442205,2015,12,4
A2020/05584,Gadidae,2744.288518,67,58.60136,11.21084,2016,1,1
A2020/05586,Clupeidae,103.625541,2,58.661716,11.211693,2016,1,1
A2020/05586,Gadidae,1676.012697,47,58.661716,11.211693,2016,1,1
A2020/05586,Gobiidae,9.700670199,1,58.661716,11.211693,2016,1,1
A2020/05586,Pleuronectidae,125.2449798,2,58.661716,11.211693,2016,1,1
A2020/05588,Gadidae,13.22548977,1,58.66169,11.21117,2016,1,1
A2020/05589,Clupeidae,487.6894905,35,58.9368,11.1186,2016,1,1
A2020/05590,Clupeidae,4.185527923,1,58.49,11.04,2015,9,3
A2020/05592,Clupeidae,150.138799,7,58.54595,11.18962,2016,1,1
A2020/05598,Gadidae,2655.325894,23,58.6282709,11.1816905,2015,9,3
A2020/05598,Gobiidae,241.472498,6,58.6282709,11.1816905,2015,9,3
A2020/05603,Clupeidae,36.31661912,2,58.54689,11.189275,2015,9,3
A2020/05603,Gadidae,109.1556942,10,58.54689,11.189275,2015,9,3
A2020/05604,Clupeidae,248.1518777,6,58.32272,11.10341,2015,9,3
A2020/05604,Gadidae,800.4462454,40,58.32272,11.10341,2015,9,3
A2020/05605,Gadidae,2272.425662,114,58.6162295,11.1889459,2015,9,3
A2020/05605,Gobiidae,5.825271873,3,58.6162295,11.1889459,2015,9,3
A2020/05606,Clupeidae,47.43136416,1,58.54689,11.189273,2015,9,3
A2020/05606,Gadidae,346.5480312,15,58.54689,11.189273,2015,9,3
A2020/05607,Clupeidae,347.9384278,7,57.88519,11.585062,2015,9,3
A2020/05607,Gadidae,103.9038048,3,57.88519,11.585062,2015,9,3
A2020/05608,Gadidae,193.2128914,6,58.540878,11.17613,2015,9,3
A2020/05608,Labridae,282.0885948,23,58.540878,11.17613,2015,9,3
A2020/05609,Gadidae,8.30102627,4,58.6865283,11.2124568,2015,9,3
A2020/05613,Clupeidae,70.71380356,3,56.63652833,11.21245667,2015,9,3
A2020/05613,Gadidae,1025.560968,1,56.63652833,11.21245667,2015,9,3
A2020/05613,Gobiidae,0.046234685,1,56.63652833,11.21245667,2015,9,3
A2020/05619,Clupeidae,361.7567328,20,58.358056,11.157806,2015,4,2
A2020/05619,Gadidae,107.7240375,5,58.358056,11.157806,2015,4,2
A2020/05620,Gadidae,1498.706017,61,58.663617,11.138688,2015,9,3
A2020/05620,Pleuronectidae,40.121578,1,58.663617,11.138688,2015,9,3
A2020/05621,Clupeidae,326.2201676,7,57.88248333,11.57045,2015,9,3
A2020/05622,Gadidae,1615.001733,70,58.6368139,11.2113105,2015,9,3
A2020/05622,Gobiidae,0.897251424,1,58.6368139,11.2113105,2015,9,3
A2020/05623,Gadidae,1067.359737,71,57.879908,11.547183,2015,8,3
A2020/05696,Clupeidae,156.7185692,4,57.879917,11.574194,2015,8,3
A2020/05696,Gadidae,83.79239229,5,57.879917,11.574194,2015,8,3
A2020/05698,Clupeidae,0.985793163,1,57.879917,11.574194,2015,8,3
A2020/05698,Gadidae,14.71758943,5,57.879917,11.574194,2015,8,3
A2020/05698,Pleuronectidae,33.77797674,5,57.879917,11.574194,2015,8,3
A2020/05700,Clupeidae,661.2391442,7,57.879917,11.574194,2015,8,3
A2020/05700,Merlucciidae,19.45131903,1,57.879917,11.574194,2015,8,3
A2020/05701,Clupeidae,1907.298673,26,57.879917,11.574194,2015,8,3
A2020/05701,Scombridae,2121.053903,1,57.879917,11.574194,2015,8,3
A2020/05711,Clupeidae,368.9062015,30,57.879917,11.574194,2015,8,3
A2020/05711,Gadidae,601.8064526,8,57.879917,11.574194,2015,8,3
A2020/05711,Gobiidae,72.03690014,2,57.879917,11.574194,2015,8,3
A2020/05714,Clupeidae,191.4735228,6,57.879917,11.574194,2015,8,3
A2020/05714,Gadidae,1.566006712,1,57.879917,11.574194,2015,8,3
A2020/05790,Clupeidae,129.2164589,3,58.01,11.79,2015,8,3
A2020/05831,Gadidae,10.65320976,1,58.23333333,11.35,2015,9,3
A2020/05867,Gadidae,3692.648469,172,58.49,11.04,2019,10,4
A2020/05867,Gobiidae,0.487234086,1,58.49,11.04,2019,10,4
A2020/05897,Anguillidae,109.3395057,1,57.83583333,11.61493333,2015,8,3
A2020/05897,Gadidae,180.7438465,1,57.83583333,11.61493333,2015,8,3
A2020/05897,Gobiidae,1.338373264,1,57.83583333,11.61493333,2015,8,3
A2020/05902,Belonidae,77.341734,1,57.88296667,11.57045,2015,12,4
A2020/05902,Clupeidae,344.9090609,53,57.88296667,11.57045,2015,12,4
A2020/05904,Belonidae,624.7207,7,58.76666667,11.16666667,2015,8,3
A2020/05904,Gadidae,207.7620533,12,58.76666667,11.16666667,2015,8,3
A2020/05904,Gobiidae,1.766254002,3,58.76666667,11.16666667,2015,8,3
A2020/05906,Clupeidae,268.4302896,6,57.88136667,11.57015,2015,12,4
A2020/05906,Gadidae,34.51885733,1,57.88136667,11.57015,2015,12,4
A2020/05908,Clupeidae,668.1929693,30,57.97248333,11.69713333,2015,12,4
A2020/05914,Belonidae,157.7002742,4,57.88136667,11.57015,2015,12,4
A2020/05914,Clupeidae,408.6433563,20,57.88136667,11.57015,2015,12,4
A2020/05914,Gadidae,29.68875008,1,57.88136667,11.57015,2015,12,4
A2020/05916,Belonidae,2603.62333,16,58.88333333,11.1,2015,8,3
A2020/05916,Clupeidae,3.282504612,1,58.88333333,11.1,2015,8,3
A2020/05916,Gadidae,61.74793025,5,58.88333333,11.1,2015,8,3
A2020/05916,Gobiidae,9.732044559,2,58.88333333,11.1,2015,8,3
A2020/05916,Salmonidae,472.5893446,2,58.88333333,11.1,2015,8,3
A2020/05916,Soleidae,20.23476095,1,58.88333333,11.1,2015,8,3
A2020/05920,Gadidae,3.901121396,1,58.23333333,11.35,2015,9,3
A2020/05920,Pleuronectidae,68.12177071,3,58.23333333,11.35,2015,9,3
A2020/05921,Anguillidae,456.4730867,4,58.23333333,11.35,2015,9,3
A2020/05921,Gadidae,28.35791272,2,58.23333333,11.35,2015,9,3
A2020/05921,Gobiidae,0.026357007,1,58.23333333,11.35,2015,9,3
A2020/05922,Clupeidae,1829.101265,22,58.23333333,11.35,2015,9,3
A2020/05922,Gadidae,176.4385692,3,58.23333333,11.35,2015,9,3
A2020/05922,Gobiidae,5.980202344,1,58.23333333,11.35,2015,9,3
A2021/05041,Clupeidae,104.2790083,2,58.18148167,11.41413667,2020,10,4
A2021/05041,Gadidae,84.03527859,4,58.18148167,11.41413667,2020,10,4
A2021/05048,Gadidae,109.3450393,5,58.183333,11.416667,2020,10,4
A2021/05052,Gadidae,131.5846637,1,58.91197167,11.10866667,2020,10,4
A2021/05076,Gadidae,67.39740269,3,58.166667,11.3,2020,10,4
A2021/05076,Pleuronectidae,117.5089625,5,58.166667,11.3,2020,10,4
A2021/05081,Gadidae,319.3613368,1,58.67038833,11.17258333,2020,10,4
A2021/05082,Gadidae,675.0857187,10,58.91063833,11.10686167,2020,10,4
A2021/05083,Clupeidae,20.20346064,1,58.16666667,11.3,2020,10,4
A2021/05086,Gadidae,14.49043216,1,58.91063833,11.10686167,2020,10,4
A2021/05087,Gadidae,59.53614216,8,58.663873,11.140695,2020,10,4
A2021/05088,Gadidae,703.080462,41,57.73333333,11.58333333,2019,10,4
A2021/05093,Gadidae,110.9321038,3,58.6633,11.13955,2020,10,4
A2021/05095,Gadidae,550.623824,39,58.910639,11.106861,2020,10,4
A2021/05095,Pleuronectidae,53.27088295,2,58.910639,11.106861,2020,10,4
A2021/05097,Clupeidae,17.2100936,1,58.670389,11.172583,2020,10,4
A2021/05097,Gadidae,4416.256152,128,58.670389,11.172583,2020,10,4
A2021/05097,Gobiidae,38.70466723,1,58.670389,11.172583,2020,10,4
A2021/05097,Pleuronectidae,37.39294481,2,58.670389,11.172583,2020,10,4
A2021/05099,Gadidae,297.34268,5,58.6689,11.17021667,2020,10,4
A2021/05099,Gobiidae,71.20363261,2,58.6689,11.17021667,2020,10,4
A2021/05100,Clupeidae,132.6817687,2,58.911972,11.108667,2020,10,4
A2021/05108,Gadidae,2048.479608,79,58.6633,11.139617,2020,10,4
A2021/05114,Clupeidae,8.695064813,1,58.661228,10.983582,2020,10,4
A2021/05114,Gadidae,2676.366649,52,58.661228,10.983582,2020,10,4
A2021/05114,Gobiidae,98.94530393,1,58.661228,10.983582,2020,10,4
A2021/05114,Pleuronectidae,4.731114983,1,58.661228,10.983582,2020,10,4
A2021/05189,Gadidae,209.0503769,22,58.56241333,11.19645,2020,10,4
A2021/05190,Gadidae,5.936615432,1,58.59,11.08,2020,10,4
A2021/05191,Gadidae,890.472569,61,58.22,11.36,2020,10,4
A2021/05191,Gobiidae,0.083478312,1,58.22,11.36,2020,10,4
A2021/05192,Gadidae,131.2503961,36,58.22,11.36,2020,10,4
A2021/05192,Gobiidae,0.05717718,1,58.22,11.36,2020,10,4
A2021/05193,Gadidae,938.7694482,33,58.56,11.07,2020,10,4
KS_2017_01,Clupeidae,9.537875503,1,58.110855,11.785637,2017,2,1
KS_2017_01,Pleuronectidae,165.2550093,5,58.110855,11.785637,2017,2,1
KS_2017_01,Scophthalmidae,6727.394925,2,58.110855,11.785637,2017,2,1
KS_2017_02,Clupeidae,246.3553021,13,58.120467,11.781464,2017,2,1
KS_2017_02,Gadidae,61.00166479,2,58.120467,11.781464,2017,2,1
KS_2017_02,Pleuronectidae,7.775366495,1,58.120467,11.781464,2017,2,1
KS_2019_01,Clupeidae,27.60456724,1,58.232,11.345,2019,10,4
KS_2019_01,Gadidae,1586.492317,56,58.232,11.345,2019,10,4
KS_2019_02,Gadidae,1067.828745,97,58.183,11.325,2019,10,4
KS_2019_03,Clupeidae,481.044449,8,58.185,11.364,2019,10,4
KS_2019_03,Gadidae,29.68291967,2,58.185,11.364,2019,10,4
KS_2019_04,Gadidae,13.31014596,1,58.221,11.346,2019,10,4
KS_2019_06,Clupeidae,20.37148597,1,58.183,11.325,2019,10,4
KS_2019_07,Clupeidae,905.7281317,15,58.185,11.364,2019,10,4
KS_2019_08,Gobiidae,9.673793846,3,58.184,11.421,2019,12,4
KS_2019_08,Pleuronectidae,326.8945024,24,58.184,11.421,2019,12,4
KS_2019_09,Gadidae,25.58809213,2,58.129,11.401,2019,12,4
KS_2019_09,Gobiidae,1309.316543,178,58.129,11.401,2019,12,4
KS_2020_02,Clupeidae,798.630255,63,57.898089,11.465864,2020,1,1
KS_2020_02,Gadidae,47.20719001,2,57.898089,11.465864,2020,1,1
KS_2020_03,Gadidae,1070.883267,65,58.078466,11.617699,2020,2,1
KS_2020_03,Gobiidae,10.30531227,26,58.078466,11.617699,2020,2,1
KS_2020_03,Pleuronectidae,43.09280167,1,58.078466,11.617699,2020,2,1
KS_2020_04,Clupeidae,55.40201304,2,58.107908,11.794939,2020,2,1
KS_2020_04,Pleuronectidae,4878.753896,415,58.107908,11.794939,2020,2,1
KS_2020_05,Clupeidae,213.5970401,22,58.024283,11.798372,2020,1,1
KS_2020_25,Clupeidae,72.45153566,9,58.077,11.747,2020,10,4
KS_2020_25,Gadidae,2012.722464,99,58.077,11.747,2020,10,4
KS_2020_25,Gobiidae,34.95673919,21,58.077,11.747,2020,10,4
KS_2020_26,Clupeidae,0.858644543,1,58.077,11.747,2020,10,4
KS_2020_26,Gadidae,1032.977286,40,58.077,11.747,2020,10,4
KS_2020_26,Gobiidae,17.37939991,18,58.077,11.747,2020,10,4
KS_2020_26,Pleuronectidae,59.74781084,2,58.077,11.747,2020,10,4
KS_2020_27,Clupeidae,364.0234284,40,58.025,11.793,2020,10,4
KS_2020_28,Anguillidae,169.1461551,1,58.077,11.747,2020,3,1
KS_2020_28,Clupeidae,119.8194479,26,58.077,11.747,2020,3,1
KS_2020_28,Gadidae,15.60495061,1,58.077,11.747,2020,3,1
KS_2020_29,Clupeidae,64.3894167,5,58.077,11.747,2020,3,1
KS_2020_30,Clupeidae,2043.796128,122,58.077,11.747,2020,3,1
KS_2020_30,Gadidae,151.4836805,7,58.077,11.747,2020,3,1
KS_2020_31,Clupeidae,3.418527851,1,58.099575,11.597747,2020,9,3
KS_2020_31,Gadidae,1030.196773,46,58.099575,11.597747,2020,9,3
KS_2020_31,Gobiidae,69.6430135,51,58.099575,11.597747,2020,9,3
KS_2020_31,Pleuronectidae,65.47032021,8,58.099575,11.597747,2020,9,3
KS_2020_32,Clupeidae,43.24907811,1,58.099575,11.597747,2020,9,3
KS_2020_32,Gadidae,860.0503363,33,58.099575,11.597747,2020,9,3
KS_2020_32,Gobiidae,6.51929489,5,58.099575,11.597747,2020,9,3
KS_2020_32,Pleuronectidae,298.4633724,29,58.099575,11.597747,2020,9,3
KS_2021_01,Clupeidae,304.7120246,28,58.0664842,11.6159559,2021,4,2
KS_2021_02,Clupeidae,251.3556883,21,58.0664842,11.6159559,2021,4,2
KS_2021_02,Gadidae,15.03550369,1,58.0664842,11.6159559,2021,4,2
KS_2021_02,Pleuronectidae,284.752741,47,58.0664842,11.6159559,2021,4,2
KS_2021_03,Clupeidae,1.518670825,1,58.0847962,11.5936051,2021,3,1
KS_2021_03,Gadidae,1645.323663,39,58.0847962,11.5936051,2021,3,1
KS_2021_03,Scophthalmidae,20820.91851,4,58.0847962,11.5936051,2021,3,1
KS_2021_04,Clupeidae,46.58345048,3,58.109344,11.785681,2021,3,1
KS_2021_04,Gadidae,809.3686829,43,58.109344,11.785681,2021,3,1
KS_2021_04,Gobiidae,0.358886845,6,58.109344,11.785681,2021,3,1
KS_2021_05,Clupeidae,44.30022736,4,58.0792899,11.7674304,2021,1,1
KS_2021_07,Clupeidae,99.45473418,10,58.0260974,11.795508,2021,1,1
KS_2021_07,Gadidae,1070.169669,44,58.0260974,11.795508,2021,1,1
KS_2021_07,Gobiidae,1.298572887,1,58.0260974,11.795508,2021,1,1
KS_2021_13,Gadidae,570.0392022,8,58.079533,11.767233,2021,11,4
KS_2021_13,Pleuronectidae,14.26101068,2,58.079533,11.767233,2021,11,4
KS_2021_14,Anguillidae,220.0514945,1,58.09848,11.670249,2021,11,4
KS_2021_14,Gadidae,19.18589907,1,58.09848,11.670249,2021,11,4
KS_2021_14,Gobiidae,10.85701498,3,58.09848,11.670249,2021,11,4
KS_2021_14,Zoarcidae,38.23540629,2,58.09848,11.670249,2021,11,4
KS_2021_15,Gobiidae,43.48405193,8,58.026005,11.792469,2021,11,4
KS_2021_16,Clupeidae,105.4689604,10,58.0684689,11.63113378,2021,12,4
KS_2021_16,Gadidae,1204.362623,48,58.0684689,11.63113378,2021,12,4
KS_2021_16,Gobiidae,17.37711573,35,58.0684689,11.63113378,2021,12,4
KS_2021_17,Clupeidae,270.6295413,35,58.0684689,11.6313378,2021,12,4
KS_2021_17,Gadidae,646.259781,55,58.0684689,11.6313378,2021,12,4
KS_2021_17,Gobiidae,7.462509846,10,58.0684689,11.6313378,2021,12,4
KS_2021_18,Clupeidae,0.713605673,1,58.026005,11.792469,2021,11,4
KS_2021_18,Gobiidae,0.802053707,2,58.026005,11.792469,2021,11,4
KS_2021_19,Gadidae,338.0982603,17,58.073252,11.545808,2021,12,4
KS_2021_19,Gobiidae,546.6488076,99,58.073252,11.545808,2021,12,4
KS_2021_19,Pleuronectidae,24.53822689,2,58.073252,11.545808,2021,12,4
KS_2021_20,Clupeidae,446.0177767,50,57.9932343,11.7405492,2021,5,2
KS_2021_20,Gadidae,173.0868521,5,57.9932343,11.7405492,2021,5,2
KS_2021_20,Gobiidae,15.84987892,2,57.9932343,11.7405492,2021,5,2
KS_2021_20,Pleuronectidae,102.8191042,8,57.9932343,11.7405492,2021,5,2
KS_2021_21,Gobiidae,529.2398602,54,58.08196519,11.5910717,2021,10,4
KS_2021_21,Pleuronectidae,34.42287091,4,58.08196519,11.5910717,2021,10,4
KS_2021_22,Gobiidae,1835.089525,268,58.0819659,11.5910717,2021,10,4
KS_2021_22,Pleuronectidae,41.83373702,3,58.0819659,11.5910717,2021,10,4
KS_2021_23,Clupeidae,13.9572786,2,58.0819659,11.5910717,2021,10,4
KS_2021_23,Gadidae,4108.214136,115,58.0819659,11.5910717,2021,10,4
KS_2021_23,Gasterosteidae,0.244,1,58.0819659,11.5910717,2021,10,4
KS_2021_23,Gobiidae,36.30231373,43,58.0819659,11.5910717,2021,10,4
KS_2021_23,Pleuronectidae,325.885353,38,58.0819659,11.5910717,2021,10,4
KS_2021_24,Clupeidae,35.87672746,2,58.0143242,11.4549501,2021,9,3
KS_2021_24,Gadidae,27.8163776,2,58.0143242,11.4549501,2021,9,3
KS_2021_24,Pleuronectidae,3.175481595,1,58.0143242,11.4549501,2021,9,3
KS_2022_01,Clupeidae,62.08323036,4,58.8507,10.899811,2022,1,1
KS_2022_01,Gadidae,773.8401461,96,58.8507,10.899811,2022,1,1
KS_2022_02,Clupeidae,126.0958794,3,58.8507,10.899811,2022,3,1
KS_2022_02,Gadidae,1931.572981,85,58.8507,10.899811,2022,3,1
KS_2022_02,Gobiidae,1.411493977,1,58.8507,10.899811,2022,3,1
KS_2022_02,Pleuronectidae,682.7407798,19,58.8507,10.899811,2022,3,1
KS_2022_106,Clupeidae,1248.848307,85,58.31,11.55,2022,11,4
KS_2022_106,Gadidae,1067.034395,43,58.31,11.55,2022,11,4
KS_2022_106,Gobiidae,7.14888236,1,58.31,11.55,2022,11,4
KS_2024_21,Clupeidae,572.5043244,70,58.947618,11.093702,2016,10,4
KS_2024_21,Gadidae,6.664356268,1,58.947618,11.093702,2016,10,4
KS_2024_21,Osmeridae,0.55861783,1,58.947618,11.093702,2016,10,4
KS_2024_21,Pleuronectidae,30.85024614,2,58.947618,11.093702,2016,10,4
KS_2024_21,Zoarcidae,4138.312891,54,58.947618,11.093702,2016,10,4
KS_2024_25,Clupeidae,1.958843436,1,58.927689,11.128292,2024,4,2
KS_2024_25,Gadidae,859.9563782,15,58.927689,11.128292,2024,4,2
KS_2024_25,Gobiidae,0.049940043,2,58.927689,11.128292,2024,4,2
KS_2024_26,Anguillidae,1275.085265,6,58.79169,11.15593,2024,2,1
KS_2024_26,Gadidae,393.5234455,3,58.79169,11.15593,2024,2,1
KS_2025_79,Clupeidae,778.7301729,71,58.272968,11.336494,2024,2,1
KS_2025_79,Gadidae,44.74482975,2,58.272968,11.336494,2024,2,1
KS_2025_79,Gobiidae,128.0339169,1,58.272968,11.336494,2024,2,1
KS_2025_80,Clupeidae,68.77537594,14,58.272968,11.336494,2025,5,2
KS_2025_80,Gadidae,10.81742323,1,58.272968,11.336494,2025,5,2
KS_2025_81,Clupeidae,6.584230796,3,58.220209,11.359153,2025,5,2
KS_2025_82,Clupeidae,15.04016574,1,58.420435,11.18629,2025,5,2
KS_2025_82,Gadidae,15.45934422,1,58.420435,11.18629,2025,5,2